<?xml version="1.0" encoding="UTF-8"?>
<beans xmlns="http://www.springframework.org/schema/beans"
       xmlns:xsi="http://www.w3.org/2001/XMLSchema-instance"
       xmlns:security="http://www.springframework.org/schema/security"
       xsi:schemaLocation="http://www.springframework.org/schema/beans http://www.springframework.org/schema/beans/spring-beans.xsd http://www.springframework.org/schema/security https://www.springframework.org/schema/security/spring-security.xsd">

    <security:authentication-manager>
        <security:authentication-provider>
            <security:jdbc-user-service data-source-ref="dataSource"
                    users-by-username-query="select username, password, enabled from users where username=?"
                    authorities-by-username-query="select username, authority from authorities where username=?" />
        </security:authentication-provider>
    </security:authentication-manager>

    <security:http auto-config="true" use-expressions="true">
        <security:intercept-url pattern="/" access="permitAll()"/>
        <security:intercept-url pattern="/login" access="permitAll()"/>

        <security:intercept-url pattern="/courses" access="isAuthenticated()"/>
        <security:intercept-url pattern="/coursedetail" access="isAuthenticated()"/>

        <security:intercept-url pattern="/courseregistrations" access="isAuthenticated()"/>
        <security:intercept-url pattern="/createcourseregistration" access="isAuthenticated()"/>
        <security:intercept-url pattern="/docourseregistration" access="isAuthenticated()"/>

        <security:intercept-url pattern="/resources/**" access="permitAll()"/>
        <security:intercept-url pattern="/**" access="denyAll()"/>

        <security:form-login login-page="/login"/>
        <security:logout/>
    </security:http>
</beans>